,locationName,categories,locationAddress,locationCity,locationState,locationZip,locationPhone,openTime,Years In Business
0,Boston Veterinary Clinic,"['Veterinarians', 'Veterinary Clinics & Hospitals', 'Veterinary Specialty Services']",363 Tremont St,Boston,MA,02116,(857) 362-8672,9:00 am - 7:00 pm,
1,Boston Veterinary Care,"['Veterinarians', 'Veterinary Clinics & Hospitals']",10 Chandler St,Boston,MA,02116,(617) 226-5605,8:00 am - 7:00 pm,113
2,Charles Street Animal Clinic,"['Veterinarians', 'Veterinary Clinics & Hospitals', 'Veterinary Specialty Services']",158 Charles St,Boston,MA,02114,(617) 227-0153,11:00 am - 7:00 pm,
3,Back Bay Veterinary Clinic,"['Veterinarians', 'Veterinary Clinics & Hospitals', 'Pet Boarding & Kennels']",288 Newbury St,Boston,MA,02115,(617) 247-2273,8:00 am - 8:00 pm,20
4,Vet Call,"['Veterinarians', 'Veterinary Clinics & Hospitals']",304 Commonwealth Ave,Boston,MA,02115,(857) 362-7270,8:00 am - 3:00 pm,11
5,Dr B Concierge Veterinary Clinic,['Veterinarians'],51 E Springfield St,Boston,MA,02118,(857) 362-8672,9:00 am - 7:00 pm,
6,At Home Veterinary,['Veterinarians'],1 International Pl,Boston,MA,02110,(617) 753-9300,,
7,Parkway Veterinary Hospital,"['Veterinarians', 'Veterinary Clinics & Hospitals']",18 Spring Ln,Boston,MA,02109,(617) 469-8400,,
8,Gransky Jeremy,"['Veterinarians', 'Veterinary Clinics & Hospitals']",1 International Pl,Boston,MA,02110,(617) 753-9300,,13
9,Vetx,['Veterinarians'],715 Boylston St Ste 120,Boston,MA,02116,(855) 483-8669,,3
10,Richard Amster,['Veterinarians'],150 Staniford St,Boston,MA,02114,(617) 286-2440,,
11,At Home Veterinary,"['Veterinarians', 'Veterinary Specialty Services', 'Veterinary Clinics & Hospitals']",34 Beacon St,Boston,MA,02108,(617) 753-9300,,
12,AAA Veterinary House Calls,['Veterinarians'],150 Staniford St,Boston,MA,02114,(617) 286-2440,,15
13,Huron Veterinary Hospital Inc,"['Veterinarians', 'Veterinary Clinics & Hospitals']",70 Beacon St,Boston,MA,02108,(617) 661-9553,,
14,Dewberry Dogs,"['Veterinarians', 'Pet Grooming', 'Dog & Cat Grooming & Supplies']",357 W Broadway,Boston,MA,02127,(617) 269-1507,8:00 am - 4:00 pm,31
15,Boston Red Dog,"['Veterinarians', 'Pet Boarding & Kennels', 'Veterinary Clinics & Hospitals']",274 Southampton St,Boston,MA,02118,(617) 427-2220,7:00 am - 7:00 pm,11
16,South Bay Veterinary Group,"['Veterinarians', 'Veterinary Labs', 'Veterinary Clinics & Hospitals']",587 Tremont St,Boston,MA,02118,(617) 266-6619,8:30 am - 7:00 pm,34
17,Embark Veterinary,"['Veterinarians', 'Veterinary Labs', 'Veterinary Clinics & Hospitals']",186 Lincoln St Fl 6,Boston,MA,02111,(857) 239-8074,,5
18,Charlestown Pet Clinic,"['Veterinarians', 'Veterinary Clinics & Hospitals']",330 Main St,Charlestown,MA,02129,(617) 580-8927,10:00 am - 6:00 pm,6
19,South Boston Cat & Dog Clinic,"['Veterinarians', 'Veterinary Clinics & Hospitals']",526 Dorchester Ave,South Boston,MA,02127,(617) 269-1225,8:00 am - 3:00 pm,18
20,South Boston Animal Hospital,"['Veterinarians', 'Veterinary Clinics & Hospitals', 'Pet Services']",9 W Broadway,South Boston,MA,02127,(617) 269-0610,9:00 am - 7:00 pm,36
21,Charlestown Veterinary Hospital,"['Veterinarians', 'Veterinary Clinics & Hospitals']",24 Roland St,Charlestown,MA,02129,(617) 625-0090,9:00 am - 6:00 pm,8
22,Cambridge Cat Clinic,['Veterinarians'],1108 Cambridge St,Cambridge,MA,02139,(617) 245-0245,,2
23,BluePearl Pet Hospital,"['Veterinarians', 'Veterinary Clinics & Hospitals', 'Pet Services']",56 Roland St,Charlestown,MA,02129,(617) 284-9777,Open 24 Hours,
24,Come Together Animal Clinic,"['Veterinarians', 'Veterinary Clinics & Hospitals']",232 Silver St,South Boston,MA,02127,(857) 496-1508,,
25,VCA Animal Hospitals,"['Veterinarians', 'Veterinary Clinics & Hospitals']",251 Chelsea St,East Boston,MA,02128,(617) 500-2635,,
26,Village Veterinary Clinic,"['Veterinarians', 'Veterinary Clinics & Hospitals', 'Pet Services']",223 Boylston St,Brookline,MA,02445,(617) 232-4462,8:15 am - 7:00 pm,36
27,Winter Hill Veterinary Clinic,"['Veterinarians', 'Veterinary Specialty Services', 'Veterinary Clinics & Hospitals']",257 Broadway,Somerville,MA,02145,(617) 623-5075,9:00 am - 5:30 pm,33
28,Pet Clinic,"['Veterinarians', 'Veterinary Specialty Services', 'Veterinary Clinics & Hospitals']",391 Main St,Medford,MA,02155,(781) 874-9650,10:00 am - 7:00 pm,7
29,East Boston Animal Hospital,"['Veterinarians', 'Veterinary Clinics & Hospitals', 'Pet Services']",1007 Saratoga St,East Boston,MA,02128,(617) 567-0101,9:00 am - 7:00 pm,40
30,Emmerson Animal Hospital,"['Veterinarians', 'Pet Services', 'Pet Stores']",255 Freeport St,Dorchester,MA,02122,(617) 341-9076,7:30 am - 7:00 pm,21
31,Union Square Veterinary Clinic,"['Veterinarians', 'Veterinary Clinics & Hospitals', 'Pet Grooming']",314 Highland Ave,Somerville,MA,02144,(617) 628-2644,8:00 am - 6:00 pm,26
32,Huron Veterinary Hospital Inc,"['Veterinarians', 'Veterinary Clinics & Hospitals', 'Veterinary Labs']",70 Beacon St,Somerville,MA,02143,(617) 661-9553,8:00 am - 6:00 pm,16
33,Porter Square Veterinarian,"['Veterinarians', 'Veterinary Clinics & Hospitals', 'Veterinary Specialty Services']",360 Summer St,Somerville,MA,02144,(617) 628-5588,8:00 am - 6:30 pm,14
34,Veterinary Centers Of America,['Veterinarians'],251 Chelsea St,Everett,MA,02149,(781) 289-8387,,7
35,Jamaica Plain Animal Clinic,"['Veterinarians', 'Veterinary Clinics & Hospitals', 'Veterinary Specialty Services']",10 Green St,Jamaica Plain,MA,02130,(617) 524-7300,8:00 am - 5:00 pm,9
36,Harbor Veterinary,['Veterinarians'],106 Sunnyside Ave,Winthrop,MA,02152,(617) 336-3232,10:00 am - 7:00 pm,2
37,Symchrony Veterinary Cardiology,['Veterinarians'],241 River St Unit 7,Cambridge,MA,02139,(857) 529-7922,,2
38,Merwin Memorial Clinic-Animals,"['Veterinarians', 'Veterinary Clinics & Hospitals', 'Veterinary Specialty Services']",542 Cambridge St,Allston,MA,02134,(617) 782-5420,Open 24 Hours,36
39,Angell Animal Center,"['Veterinarians', 'Veterinary Clinics & Hospitals', 'Veterinary Labs']",350 S Huntington Ave,Jamaica Plain,MA,02130,(866) 219-7131,,43
40,Banfield Pet Hospital,"['Veterinarians', 'Veterinary Clinics & Hospitals', 'Pet Services']",5 Mystic View Rd,Everett,MA,02149,(617) 387-1143,,15
41,Revere Pet Clinic,"['Veterinarians', 'Veterinary Clinics & Hospitals']",10 Pleasant St,Revere,MA,02151,(781) 284-2255,8:00 am - 7:00 pm,13
42,Cambridge Veterinary Care,"['Veterinarians', 'Veterinary Clinics & Hospitals', 'Veterinary Specialty Services']",1724 Massachusetts Ave,Cambridge,MA,02138,(617) 661-6255,8:00 am - 6:30 pm,29
43,Dorchester Pet Clinic,"['Veterinarians', 'Veterinary Clinics & Hospitals']",99 Savin Hill Ave,Dorchester,MA,02125,(617) 514-3121,Open 24 Hours,
44,Boston Vet Clinic,"['Veterinarians', 'Veterinary Clinics & Hospitals', 'Veterinary Specialty Services']",310 Harvard St,Brookline,MA,02446,(617) 396-8470,,
45,Beantown Bed & Biscuit,"['Veterinarians', 'Veterinary Clinics & Hospitals']",308 Harvard St,Brookline,MA,02446,(617) 232-6100,,
46,"Glazier, Tricia",['Veterinarians'],255 Freeport St,Dorchester,MA,02122,(617) 765-0533,7:30 am - 7:00 pm,
47,"Kaplan, Jeffrey R",['Veterinarians'],1630 Beacon St,Brookline,MA,02446,(617) 752-1927,8:00 am - 5:00 pm,
48,Union Square Veterinary Clinic,['Veterinarians'],37 Union Sq,Somerville,MA,02143,(617) 628-2644,,
49,Akaal Animal Clinic,"['Veterinarians', 'Veterinary Clinics & Hospitals']",872 Massachusetts Ave,Cambridge,MA,02139,(617) 714-5849,,
50,Veterinary Group Inc,['Veterinarians'],47 Glenwood Rd,Somerville,MA,02145,(781) 932-5802,Open 24 Hours,
51,Stratec,['Veterinarians'],545 Concord Ave,Cambridge,MA,02138,(617) 945-0933,,
52,"Logsdon, Steve",['Veterinarians'],5 Mystic View Rd,Everett,MA,02149,(617) 387-1143,,
53,A Caregiver's Candid Words,"['Veterinarians', 'Veterinary Clinics & Hospitals']",PO Box 590,New Town,MA,02456,(617) 820-2495,,
54,Italian American War Vets,"['Veterinarians', 'Veterinary Clinics & Hospitals']",40 Oakland St,Malden,MA,02148,(781) 397-6386,,8
55,Beantown Bed & Biscuit,"['Veterinarians', 'Veterinary Clinics & Hospitals', 'Pet Grooming']",310 Harvard St,Brookline,MA,02446,(617) 444-9446,7:00 am - 7:00 pm,11
56,Grooming Loft,"['Veterinarians', 'Pet Grooming', 'Pet Services']",223 Boylston St,Brookline,MA,02445,(617) 232-4462,8:15 am - 6:00 pm,27
57,Willard Veterinary Clinic,"['Veterinarians', 'Veterinary Information & Referral Services']",176 Willard St,Quincy,MA,02169,(617) 773-6565,8:30 am - 8:00 pm,36
58,Malden Animal Hospital & Kennel,"['Veterinarians', 'Veterinary Clinics & Hospitals', 'Pet Boarding & Kennels']",231 Salem St,Malden,MA,02148,(781) 322-8795,,73
59,Neponset Animal Hospital,"['Veterinarians', 'Veterinary Clinics & Hospitals', 'Veterinary Specialty Services']",961 William T Morrissey Blvd,Dorchester,MA,02122,(617) 288-2333,7:30 am - 6:30 pm,29
60,Banfield Pet Hospital,"['Veterinarians', 'Veterinary Clinics & Hospitals', 'Pet Services']",160 Alewife Brook Pkwy,Cambridge,MA,02138,(617) 354-1333,,13
61,Veterinary Housecall and Acupuncture Services,"['Veterinarians', 'Pet Stores']",,Brookline,MA,02446,(508) 988-0306,8:00 am - 6:00 pm,
62,West Roxbury Animal Hospital,"['Veterinarians', 'Farms', 'Livestock Breeders']",1964 Centre St,West Roxbury,MA,02132,(617) 469-2467,8:00 am - 6:00 pm,61
63,Animal Clinic,"['Veterinarians', 'Pet Services', 'Veterinary Clinics & Hospitals']",26 Essex St,Melrose,MA,02176,(888) 818-0863,8:00 am - 8:00 pm,38
64,Animal Center,"['Veterinarians', 'Veterinary Clinics & Hospitals']",365 Essex St,Saugus,MA,01906,(781) 233-6270,9:00 am - 6:00 pm,38
65,Parkway Veterinary Hospital,"['Veterinarians', 'Veterinary Clinics & Hospitals', 'Veterinary Specialty Services']",18 Spring St,West Roxbury,MA,02132,(617) 469-8400,8:00 am - 7:00 pm,24
66,Wolf Morton,"['Veterinarians', 'Veterinary Clinics & Hospitals']",249 Milton St,Dedham,MA,02026,(781) 326-9653,7:30 am - 5:30 pm,11
67,Bostons Pet Haven,"['Veterinarians', 'Veterinary Clinics & Hospitals']",153 Mount Auburn St,Watertown,MA,02472,(617) 924-1616,12:00 pm - 7:00 pm,9
68,Pine Banks Animal Hospital & Kennels,"['Veterinarians', 'Veterinary Clinics & Hospitals', 'Pet Boarding & Kennels']",1130 Main St,Malden,MA,02148,(781) 321-1300,9:00 am - 7:00 pm,49
69,Quarry Hills Animal Hospital,"['Veterinarians', 'Veterinary Clinics & Hospitals']",406 Willard St,Quincy,MA,02169,(617) 934-4895,7:30 am - 5:00 pm,
70,VCA City Cats Hospital,"['Veterinarians', 'Veterinary Clinics & Hospitals', 'Pet Services']",665 Massachusetts Ave,Arlington,MA,02476,(781) 641-3673,8:00 am - 8:00 pm,33
71,VCA South Shore (Quincy) Animal Hospital,"['Veterinarians', 'Veterinary Clinics & Hospitals', 'Pet Services']",579 Adams St,Quincy,MA,02169,(617) 773-8247,9:00 am - 9:00 pm,20
72,Meow,"['Veterinarians', 'Veterinary Clinics & Hospitals', 'Pet Boarding & Kennels']",3840 Washington St Ste 1,Jamaica Plain,MA,02130,(617) 522-7877,,39
73,Cats Boston,"['Veterinarians', 'Veterinary Clinics & Hospitals']",20 Pine Lodge Rd,West Roxbury,MA,02132,(617) 942-8418,,
74,Heal Veterinary Clinic,['Veterinarians'],150 Belmont St,Watertown,MA,02472,(617) 932-5166,,3
75,Sleepy Dog Veterinary,"['Veterinarians', 'Veterinary Clinics & Hospitals', 'Veterinary Specialty Services']",114 Massachusetts Ave,Arlington,MA,02474,(781) 643-2136,,3
76,"Syed, Abrar",['Veterinarians'],1130 Main St,Malden,MA,02148,(781) 517-6999,,
77,Pet Haven Animal Hospital,"['Veterinarians', 'Veterinary Clinics & Hospitals']",153 Mount Auburn St,Watertown,MA,02472,(617) 924-1616,,
78,Looby Veterinary Group,"['Veterinarians', 'Pet Services', 'Pet Specialty Services']",637 High St,Medford,MA,02155,(781) 488-4789,,28
79,Southshore Pet Care,['Veterinarians'],360 Belmont St,Quincy,MA,02170,(617) 328-7391,9:00 am - 5:00 pm,16
80,Angela Girello,['Veterinarians'],579 Adams St,Quincy,MA,02169,(617) 773-8247,,
81,Arlington Heights Animal Clinic,['Veterinarians'],1309 Massachusetts Ave Ste A,Arlington,MA,02476,(781) 641-1140,8:00 am - 6:00 pm,26
82,Sybille Miller Vmd,"['Veterinarians', 'Veterinary Clinics & Hospitals']",109 Central St,Stoneham,MA,02180,(781) 438-6404,,
83,Pet Vet,"['Veterinarians', 'Veterinary Clinics & Hospitals', 'Pet Grooming']",17 Elm St,Stoneham,MA,02180,(781) 438-7200,,28
84,Saugus Animal Hospital,"['Veterinarians', 'Veterinary Clinics & Hospitals', 'Pet Services']",300 Broadway,Saugus,MA,01906,(781) 570-5751,8:30 am - 7:00 pm,65
85,Pleasant Animal Clinic,"['Veterinarians', 'Veterinary Clinics & Hospitals']",1000 Pleasant St,Belmont,MA,02478,(617) 932-1901,8:00 am - 6:00 pm,8
86,Stoneham Animal Hospital,"['Veterinarians', 'Pet Services', 'Veterinary Clinics & Hospitals']",17 Elm St,Stoneham,MA,02180,(781) 438-7200,7:30 am - 7:00 pm,28
87,National Veterinary Sevices,"['Veterinarians', 'Veterinary Clinics & Hospitals']",0 Governors Ave,Medford,MA,02155,(800) 816-2488,,
88,Margaret Connelly DVM,"['Veterinarians', 'Veterinary Clinics & Hospitals']",176 Willard St,Quincy,MA,02169,(617) 773-6565,,31
89,Christine Monroe DVM,['Veterinarians'],176 Willard St,Quincy,MA,02169,(617) 773-6565,,
90,Mark A Deveau DVM,"['Veterinarians', 'Veterinary Clinics & Hospitals']",231 Salem St,Malden,MA,02148,(781) 322-8795,9:00 am - 7:00 pm,
91,Emara M M,"['Veterinarians', 'Veterinary Clinics & Hospitals']",133 Trapelo Rd,Belmont,MA,02478,(617) 484-1923,,
92,Arlington Heights Veterinary,"['Veterinarians', 'Veterinary Clinics & Hospitals', 'Veterinary Specialty Services']",1309 Massachusetts Ave,Arlington,MA,02476,(617) 641-1140,,37
93,Jamie Mcvicker DVM,['Veterinarians'],176 Willard St,Quincy,MA,02169,(617) 773-6565,,
94,Boston Veterinary Specialists,"['Veterinarians', 'Veterinary Clinics & Hospitals', 'Veterinary Specialty Services']",326 Bridge St,Dedham,MA,02026,(781) 326-2140,10:00 am - 4:00 pm,10
95,Howard R Hutchins DVM,['Veterinarians'],109 Central St,Stoneham,MA,02180,(781) 438-6404,8:00 am - 8:00 pm,
96,Mark Jawitz DVM,"['Veterinarians', 'Veterinary Clinics & Hospitals']",17 Elm St,Stoneham,MA,02180,(781) 438-7200,,
97,"Chopra, Raman",['Veterinarians'],1130 Main St,Malden,MA,02148,(781) 517-6999,,
98,"Hess, Patricia",['Veterinarians'],4 Beck Rd,Arlington,MA,02476,(781) 641-3475,,13
99,Animed Pet Hospital,"['Veterinarians', 'Pet Grooming', 'Veterinary Clinics & Hospitals']",592 Providence Hwy,Dedham,MA,02026,(781) 329-5333,8:00 am - 5:00 pm,35
100,Animed Pet Hospital,"['Veterinarians', 'Veterinary Clinics & Hospitals', 'Pet Grooming']",918 Providence Hwy,Dedham,MA,02026,(781) 329-5333,8:00 am - 7:00 pm,27
101,All Veterinary Supply Inc,"['Veterinarians', 'Horse Equipment & Services', 'Livestock Equipment & Supplies']",,,,,(305) 599-6125,8:00 am - 5:00 pm,19
